merchant_type,transactions,amount_sum,amount_mean,charged_fee_sum,expected_fee_sum,anomalies,fee_diff_sum
SUPERMERCADO,12407,2102035.83,169.42,26605.05,26018.3,4246,586.75
POSTO_COMBUSTIVEL,12554,2101547.93,167.4,25266.08,24881.54,2562,384.5400000000009
RESTAURANTE,12300,2083746.86,169.41,36942.7,36865.69,2574,77.00999999999476
FARMACIA,12547,2093278.1,166.83,29195.9,29018.15,2885,177.75
LOJA_ROUPAS,12642,2083706.25,164.82,41472.9,41244.26,2907,228.63999999999942
ELETRONICOS,12537,2297967.63,183.29,56667.02,56122.56,2697,544.4599999999991
ONLINE_MARKETPLACE,12588,2066888.97,164.2,45095.77,44930.71,2592,165.05999999999767
SERVICOS_DIGITAIS,12425,2152768.62,173.26,61396.58,61052.39,2898,344.1900000000023
