merchant_type,transactions,amount_sum,amount_mean,charged_fee_sum,expected_fee_sum,anomalies,fee_diff_sum
SUPERMERCADO,20014,1365520.38,68.23,39675.38,38545.51,3864,1129.8699999999953
SERVICOS_DIGITAIS,5032,95240.08,18.93,2283.13,2223.12,1035,60.01000000000022
RESTAURANTE,18002,1329037.54,73.83,32965.34,32140.46,2751,824.8799999999974
POSTO_COMBUSTIVEL,14990,1370032.3,91.4,37833.51,36765.32,2036,1068.1900000000023
ELETRONICOS,10068,19850001.13,1971.59,321178.99,310508.23,2856,10670.76000000001
FARMACIA,7971,371997.68,46.67,8981.63,8630.63,2087,351.0
ONLINE_MARKETPLACE,12082,5386894.46,445.86,147130.0,144455.74,3097,2674.2600000000093
LOJA_ROUPAS,11841,2795682.47,236.1,100249.08,97897.13,2938,2351.949999999997
