merchant_type,transactions,amount_sum,expected_fee_sum,charged_fee_sum,anomalies,fee_diff_sum
POSTO_COMBUSTIVEL,125236,20884483.4,247744.84,248803.97,28611,1059.1300000000047
ELETRONICOS,125230,20744467.41,512633.67,515007.47,27903,2373.7999999999884
FARMACIA,125142,21018870.62,290858.68,293397.31,31595,2538.6300000000047
ONLINE_MARKETPLACE,125089,21246831.84,460543.20999999996,463474.67000000004,27503,2931.460000000079
SERVICOS_DIGITAIS,125051,20960006.58,592379.54,598282.2,29576,5902.659999999916
LOJA_ROUPAS,124951,20842958.68,412527.07999999996,414766.83999999997,29625,2239.7600000000093
SUPERMERCADO,124684,20824088.45,266143.46,272021.13,44052,5877.669999999984
RESTAURANTE,124617,21228673.019999996,376444.79,378643.33,27610,2198.5400000000373
